<?xml version="1.0" encoding="UTF-8"?>
<project-private xmlns="http://www.netbeans.org/ns/project-private/1">
    <editor-bookmarks xmlns="http://www.netbeans.org/ns/editor-bookmarks/2" lastBookmarkId="0"/>
    <open-files xmlns="http://www.netbeans.org/ns/projectui-open-files/2">
        <group>
            <file>file:/Users/mac/Documents/Taibah%20Courses/38-39%20Sem%20II/CS%20112/Lab%20Sheets/Lab%203/Lab_3_1/src/classes/Student.java</file>
            <file>file:/Users/mac/Documents/Taibah%20Courses/38-39%20Sem%20II/CS%20112/Lab%20Sheets/Lab%203/Lab_3_1/src/testing/CourseTest.java</file>
            <file>file:/Users/mac/Documents/Taibah%20Courses/38-39%20Sem%20II/CS%20112/Lab%20Sheets/Lab%203/Lab_3_1/src/classes/Course.java</file>
            <file>file:/Users/mac/Documents/Taibah%20Courses/38-39%20Sem%20II/CS%20112/Lab%20Sheets/Lab%203/Lab_3_1/src/classes/Professor.java</file>
        </group>
    </open-files>
</project-private>
